"SEQN","BMI","Cholesterol","HDL","Glycohemoglobin","Age","Gender","Cholesterol_Ratio"
31129,26.53,170,46,5.2,15,"Male",3.69565217391304
31131,30.9,105,39,6,44,"Female",2.69230769230769
31132,24.74,147,59,7.1,70,"Male",2.49152542372881
31133,16.79,147,54,4.7,16,"Female",2.72222222222222
31134,30.63,186,49,5.9,73,"Male",3.79591836734694
